{"id":"SERVICE_DEFINITION_MODEL-2ecda9b8-43e9-42da-b506-f2a54bc68df5","name":"Leave Data Source","key":"leaveDataSourcee","description":null,"tenantId":"default","editorJson":{"referenceKey":"leaveModelObject","type":"database","tableName":"leavedetails","lookupIdAutoGenerated":true,"operations":[{"name":"Lookup","key":"findById","inputParameters":[{"displayName":"ID","name":"id","mappingName":"id","required":false,"type":"string"}],"outputParameters":[],"config":{},"type":"lookup"},{"name":"Create","key":"create","inputParameters":[{"displayName":"ID","name":"id","mappingName":"id","required":false,"type":"string"},{"displayName":"EmpID","name":"empID","mappingName":"empID","required":false,"type":"integer"},{"displayName":"EmpName","name":"empName","mappingName":"empName","required":false,"type":"string"},{"displayName":"Reason","name":"reason","mappingName":"reason","required":false,"type":"string"},{"displayName":"ApplyFrom","name":"applyFrom","mappingName":"applyFrom","required":false,"type":"localDate"},{"displayName":"ApplyTo","name":"applyTo","mappingName":"applyTo","required":false,"type":"localDate"}],"outputParameters":[],"config":{},"type":"create"},{"name":"Update","key":"update","inputParameters":[{"displayName":"ID","name":"id","mappingName":"id","required":false,"type":"string"},{"displayName":"EmpID","name":"empID","mappingName":"empID","required":false,"type":"integer"},{"displayName":"EmpName","name":"empName","mappingName":"empName","required":false,"type":"string"},{"displayName":"Reason","name":"reason","mappingName":"reason","required":false,"type":"string"},{"displayName":"ApplyFrom","name":"applyFrom","mappingName":"applyFrom","required":false,"type":"localDate"},{"displayName":"ApplyTo","name":"applyTo","mappingName":"applyTo","required":false,"type":"localDate"}],"outputParameters":[],"config":{},"type":"update"},{"name":"Delete","key":"delete","inputParameters":[{"displayName":"ID","name":"id","mappingName":"id","required":false,"type":"string"}],"config":{},"type":"delete"}],"lookupId":"id","columnMappings":[{"name":"id","type":"STRING","columnName":"ID"},{"name":"empID","type":"INT","columnName":"EMPID"},{"name":"empName","type":"STRING","columnName":"EMPNAME"},{"name":"reason","type":"STRING","columnName":"REASON"},{"name":"applyFrom","type":"LOCAL-DATE","columnName":"APPLYFROM"},{"name":"applyTo","type":"LOCAL-DATE","columnName":"APPLYTO"}],"referencedLiquibaseModelKey":"leaveModelObjectSchema1"}}