{"id":"SERVICE_DEFINITION_MODEL-1dcebac0-5fb8-4d7d-9e56-f3882d069565","name":"Leave Data Source","key":"leaveDataSource","description":null,"tenantId":"default","editorJson":{"referenceKey":"leaveDataOject","type":"database","tableName":"Leavedetail","lookupIdAutoGenerated":true,"operations":[{"name":"Lookup","key":"findById","inputParameters":[{"displayName":"ID","name":"id","mappingName":"id","required":false,"type":"string"}],"outputParameters":[],"config":{},"type":"lookup"},{"name":"Create","key":"create","inputParameters":[{"displayName":"ID","name":"id","mappingName":"id","required":false,"type":"string"},{"displayName":"EmpId","name":"empId","mappingName":"empId","required":false,"type":"string"},{"displayName":"EmpName","name":"empName","mappingName":"empName","required":false,"type":"string"},{"displayName":"StartDate","name":"startDate","mappingName":"startDate","required":false,"type":"localDate"},{"displayName":"EndDate","name":"endDate","mappingName":"endDate","required":false,"type":"localDate"},{"displayName":"ReasonforLeave","name":"reasonforleave","mappingName":"reasonforleave","required":false,"type":"string"}],"outputParameters":[],"config":{},"type":"create"},{"name":"Update","key":"update","inputParameters":[{"displayName":"ID","name":"id","mappingName":"id","required":false,"type":"string"},{"displayName":"EmpId","name":"empId","mappingName":"empId","required":false,"type":"string"},{"displayName":"EmpName","name":"empName","mappingName":"empName","required":false,"type":"string"},{"displayName":"StartDate","name":"startDate","mappingName":"startDate","required":false,"type":"localDate"},{"displayName":"EndDate","name":"endDate","mappingName":"endDate","required":false,"type":"localDate"},{"displayName":"ReasonforLeave","name":"reasonforleave","mappingName":"reasonforleave","required":false,"type":"string"}],"outputParameters":[],"config":{},"type":"update"},{"name":"Delete","key":"delete","inputParameters":[{"displayName":"ID","name":"id","mappingName":"id","required":false,"type":"string"}],"config":{},"type":"delete"}],"lookupId":"id","columnMappings":[{"name":"id","type":"STRING","columnName":"ID"},{"name":"empId","type":"STRING","columnName":"EmpId"},{"name":"empName","type":"STRING","columnName":"EmpName"},{"name":"startDate","type":"LOCAL-DATE","columnName":"StartDate"},{"name":"endDate","type":"LOCAL-DATE","columnName":"EndDate"},{"name":"reasonforleave","type":"STRING","columnName":"Reason"}],"referencedLiquibaseModelKey":"leaveDataOjectSchema"}}