{"id":"DATA_OBJECT_MODEL-2527daa3-f0b8-4ccc-bc00-a95e8d1f39f0","name":"Leave Model Object","key":"leaveModelObject","description":null,"tenantId":"default","editorJson":{"fieldMappings":[{"label":"ID","name":"id","type":"STRING","lookupId":true},{"label":"EmpID","name":"empID","type":"INT","lookupId":false,"description":""},{"label":"EmpName","name":"empName","type":"STRING","lookupId":false,"description":""},{"label":"Reason","name":"reason","type":"STRING","lookupId":false,"description":""},{"label":"ApplyFrom","name":"applyFrom","type":"LOCAL-DATE","lookupId":false,"description":""},{"label":"ApplyTo","name":"applyTo","type":"LOCAL-DATE","lookupId":false,"description":""}],"dataObjectType":"serviceRegistryDataObject","sourceId":"flowableServiceRegistryDataSource","definitionIdentityLinks":{"queryInstances":{"groups":["flowableUser"]},"createInstances":{"groups":["flowableUser"]},"deleteInstances":{"groups":["flowableUser"]},"updateInstances":{"groups":["flowableUser"]}},"instanceIdentityLinks":[{"type":"owner","groups":["flowableUser"]},{"type":"watcher","groups":["flowableUser"]}],"referencedServiceDefinitionModelKey":"leaveDataSourcee"}}