{"id":"EVENT_MODEL-9ffbd9a6-6dc2-4ca4-b5cd-e5816c11a15b","name":"Leave Outbound Event","key":"leaveOutboundEvent","description":"","tenantId":"default","editorJson":{"payload":[{"name":"id","type":"string","correlationParameter":true},{"name":"EmployeeId","type":"string","correlationParameter":false},{"name":"EmployeeName","type":"string","correlationParameter":false},{"name":"reasonForLeave","type":"string","correlationParameter":false},{"name":"typeOfLeave","type":"string","correlationParameter":false},{"name":"applyFrom","type":"string"},{"name":"applyTo","type":"string"}]}}