{"id":"APP_MODEL-683c22c1-3b49-474d-9f2d-17de366e476a","name":"Leave Application","key":"leaveApplication","description":"","editorJson":{"models":[{"id":"PROCESS_MODEL-e75ad999-3115-48c6-9c0c-84feaac9e3d0","name":"Leave process","version":30,"modelType":0,"description":"","createdBy":"admin","lastUpdatedBy":"admin","lastUpdated":"2022-03-17T05:04:05.551+00:00","key":"leaveProcess","tenantId":"default","tags":[]}],"cmmnModels":[{"id":"CASE_MODEL-ef35392d-7180-4a1a-9a03-092c58b81656","name":"Leave Case Model","version":40,"modelType":5,"description":"","createdBy":"admin","lastUpdatedBy":"admin","lastUpdated":"2022-03-17T09:28:22.167+00:00","key":"leaveCaseModel","tenantId":"default","tags":[]}],"formModels":[],"dmnModels":[],"decisionServiceModels":[],"workModels":[{"id":"SERVICE_DEFINITION_MODEL-1dcebac0-5fb8-4d7d-9e56-f3882d069565","name":"Leave Data Source","version":1,"modelType":13,"createdBy":"admin","lastUpdatedBy":"admin","lastUpdated":"2022-03-11T09:03:16.791+00:00","key":"leaveDataSource","tenantId":"default","tags":[]},{"id":"DATA_OBJECT_MODEL-2527daa3-f0b8-4ccc-bc00-a95e8d1f39f0","name":"Leave Model Object","version":7,"modelType":11,"createdBy":"admin","lastUpdatedBy":"admin","lastUpdated":"2022-03-14T07:55:30.889+00:00","key":"leaveModelObject","tenantId":"default","tags":[]},{"id":"SERVICE_DEFINITION_MODEL-2ecda9b8-43e9-42da-b506-f2a54bc68df5","name":"Leave Data Source","version":5,"modelType":13,"createdBy":"admin","lastUpdatedBy":"admin","lastUpdated":"2022-03-14T07:55:47.246+00:00","key":"leaveDataSourcee","tenantId":"default","tags":[]},{"id":"LIQUIBASE_CHANGELOG_MODEL-a1852620-ba0a-4b97-ac2b-d75d1dcdf8a8","name":"leaveModelObjectSchema1","version":4,"modelType":14,"createdBy":"admin","lastUpdatedBy":"admin","lastUpdated":"2022-03-14T07:55:47.272+00:00","key":"leaveModelObjectSchema1","tenantId":"default","tags":[]},{"id":"TEMPLATE_MODEL-5b83813c-254d-403d-ba20-9a598925c697","name":"Leave Template","version":7,"modelType":12,"createdBy":"admin","lastUpdatedBy":"admin","lastUpdated":"2022-03-17T05:09:25.279+00:00","key":"leaveTemplate","tenantId":"default","tags":[]}],"linkedModels":[],"pages":[],"theme":"theme-1","icon":"glyphicon-asterisk","flowApp":false,"i18n":{}}}