{"id":"CASE_MODEL-ef35392d-7180-4a1a-9a03-092c58b81656","name":"Leave Case Model","key":"leaveCaseModel","description":"","tenantId":"default","editorJson":{"resourceId":"editor_CASE_MODEL-ef35392d-7180-4a1a-9a03-092c58b81656","stencil":{"id":"CASEDiagram"},"pathProperties":{},"pathMappingProperties":{},"xmlProperties":["casesequence","casesequence-run","casesequencevariablename","casesequencevariablename-run","caseinstancename","caseinstancename_en_us","caseinstancename_en_us-run","caseinstancename_it_it","caseinstancename_it_it-run","caseinstancename_es_es","caseinstancename_es_es-run","caseinstancename_fr_fr","caseinstancename_fr_fr-run","caseinstancename_de_de","caseinstancename_de_de-run","caseinstancename-run","caseinstancename_i18n-key","caseinstancebusinessstatus","caseinstancebusinessstatus-run","caseinstancebusinesskey","caseinstancebusinesskey-run"],"childShapes":[{"resourceId":"onecaseplanmodel1","stencil":{"id":"CasePlanModel"},"pathProperties":{},"pathMappingProperties":{},"xmlProperties":["planitemlifecyclelisteners","autocomplete","autocomplete-run"],"childShapes":[{"resourceId":"humanTask1","stencil":{"id":"Task"},"pathProperties":{},"pathMappingProperties":{},"xmlProperties":["planitemlifecyclelisteners","repetitionvariableaggregation","exposetoobjectitems","exposeasmessageitems","exposehumantaskasmessageitems","exposehumantasktoobjectitems"],"childShapes":[],"bounds":{"lowerRight":{"x":250,"y":185},"upperLeft":{"x":150,"y":105}},"specialproperties":{"startformreference":{"type":"treeview"},"form_entry":{"type":"treeview"},"securitypolicy":{"type":"treeview"}},"outputmappingproperties":{"planitemlifecyclelisteners":{"type":"complex","placeholders":[]},"repetitionvariableaggregation":{"type":"formlist","placeholders":[]},"exposetoobjectitems":{"type":"complex","placeholders":[]},"exposeasmessageitems":{"type":"complex","placeholders":[]},"exposehumantaskasmessageitems":{"type":"complex","placeholders":[]},"exposehumantasktoobjectitems":{"type":"complex","placeholders":[]},"taskinputmappings":{"type":"complex","placeholders":[]},"tasklistener":{"type":"complex","placeholders":[]}},"properties":{"stencilid":"HumanTask","stencilsuperid":"Task","stencilsuperids":["Task"],"customstencil":false,"bordercolor":"#000000","notes":"","planitemlifecyclelisteners":"","required":false,"required-run":"","repetition":true,"repetition-run":"","repetitioncountervariablename":"repetitionCounter","maxinstancecount":"unlimited","collectionvariable":"","elementvariable":"","elementindexvariable":"","repetitionvariableaggregation":"","manualactivation":false,"manualactivation-run":"","startformreference":"","startformsamedeployment":true,"startformfieldvalidation":false,"formfieldvalidation-run":"","manualactivationpermissiongroups":"","manualactivationpermissiongroups-run":"","manualactivationname":"","manualactivationname_en_us":"","manualactivationname_en_us-run":"","manualactivationname_it_it":"","manualactivationname_it_it-run":"","manualactivationname_es_es":"","manualactivationname_es_es-run":"","manualactivationname_fr_fr":"","manualactivationname_fr_fr-run":"","manualactivationname_de_de":"","manualactivationname_de_de-run":"","manualactivationname-run":"","manualactivationname_i18n-key":"","manualactivationchannels":"","manualactivationchannels-run":"","manualactivationpriority":"","manualactivationpriority-run":"","completionneutral":false,"completionneutral-run":"","impactparentcompletion":"default","bgcolor":"#ffffff","isblocking":true,"isblocking-run":"","id":"humanTask1","name":"Review Leave Application","name_en_us":"Review Leave Application","name_it_it":"","name_es_es":"","name_fr_fr":"","name_de_de":"","name_i18n-key":"","description":"","fontsize":"12","fontweight":"normal","fontstyle":"normal","fontcolor":"#000000","async":false,"exclusive":true,"itemdirectactivationcondition":"","itemdirectactivationcondition-run":"","itemignoreactivationcondition":"","itemignoreactivationcondition-run":"","itemdefaultactivationcondition":"","itemdefaultactivationcondition-run":"","exposetoobjectitems":"","exposeasmessageitems":"","exposehumantaskasmessageitems":"","exposehumantasktoobjectitems":"","customcaseviewheadersize":"","customcaseviewheadersize-run":"","availablestaterendering":"readOnly","activestaterendering":"fullAccess","completedstaterendering":"hidden","terminatedstaterendering":"hidden","owner":"","owner-run":"","assignee":"","assignee-run":"${initiator}","candidateusers":"","candidateusers-run":"","candidategroups":"","candidategroups-run":"","participantusers":"","participantusers-run":"","participantgroups":"","participantgroups-run":"","watcherusers":"","watcherusers-run":"","watchergroups":"","watchergroups-run":"","isdiscretionary":false,"applicabilityrule":"","tasktype":"human","name_en_us-run":"Review Leave Application","name_it_it-run":"","name_es_es-run":"","name_fr_fr-run":"","name_de_de-run":"","name-run":"Review Leave Application","form_entry":{"id":"FORM_MODEL-8ada1d95-a93b-4bb2-82e8-dca9e59d5757","key":"leaveReviewerForm"},"samedeployment":true,"formfieldvalidation":false,"taskidvariablename":"","securitypolicy":"","priority":"","duedate":"","taskinputmappingtype":"allowed","taskinputmappings":"","tasklistener":"","customfolderpath":"","categorydefinition":"","candidatestype":"all","exposetocaseview":"","elementlabel":"","elementlabel_en_us":"","elementlabel_it_it":"","elementlabel_es_es":"","elementlabel_fr_fr":"","elementlabel_de_de":"","elementlabel_i18n-key":"","elementicon":"","elementindex":""},"ssextensions":[],"outgoing":[{"resourceId":"entryCriterion1"},{"resourceId":"connector2"}],"dockers":[],"labels":[{"styles":{"fill":"#000000","size":"12","italic":false,"bold":false},"ref":"text_name"}]},{"resourceId":"dataObjectCreateTask1","stencil":{"id":"Task"},"pathProperties":{},"pathMappingProperties":{},"xmlProperties":["planitemlifecyclelisteners","repetitionvariableaggregation","outputvariablename","storedetached","storeoutputvariableastransient","inputdataobjectvariablename"],"childShapes":[],"bounds":{"lowerRight":{"x":445,"y":180},"upperLeft":{"x":345,"y":100}},"specialproperties":{"startformreference":{"type":"treeview"}},"outputmappingproperties":{"planitemlifecyclelisteners":{"type":"complex","placeholders":[]},"repetitionvariableaggregation":{"type":"formlist","placeholders":[]},"classfields":{"type":"complex","placeholders":[]}},"properties":{"stencilid":"DataObjectCreateTask","stencilsuperid":"ServiceTask","stencilsuperids":["Task","ServiceTask"],"customstencil":false,"bordercolor":"#000000","notes":"","planitemlifecyclelisteners":"","required":false,"required-run":"","repetition":false,"repetition-run":"","repetitioncountervariablename":"repetitionCounter","maxinstancecount":"unlimited","collectionvariable":"","elementvariable":"","elementindexvariable":"","repetitionvariableaggregation":"","manualactivation":false,"manualactivation-run":"","startformreference":"","startformsamedeployment":true,"startformfieldvalidation":false,"formfieldvalidation-run":"","manualactivationpermissiongroups":"","manualactivationpermissiongroups-run":"","manualactivationname":"","manualactivationname_en_us":"","manualactivationname_en_us-run":"","manualactivationname_it_it":"","manualactivationname_it_it-run":"","manualactivationname_es_es":"","manualactivationname_es_es-run":"","manualactivationname_fr_fr":"","manualactivationname_fr_fr-run":"","manualactivationname_de_de":"","manualactivationname_de_de-run":"","manualactivationname-run":"","manualactivationname_i18n-key":"","manualactivationchannels":"","manualactivationchannels-run":"","manualactivationpriority":"","manualactivationpriority-run":"","completionneutral":false,"completionneutral-run":"","impactparentcompletion":"default","bgcolor":"#ffffff","isblocking":true,"isblocking-run":"","id":"dataObjectCreateTask1","name":"Create","name_en_us":"Create","name_it_it":"","name_es_es":"","name_fr_fr":"","name_de_de":"","name_i18n-key":"","description":"","fontsize":"12","fontweight":"normal","fontstyle":"normal","fontcolor":"#000000","async":false,"exclusive":true,"itemdirectactivationcondition":"","itemdirectactivationcondition-run":"","itemignoreactivationcondition":"","itemignoreactivationcondition-run":"","itemdefaultactivationcondition":"","itemdefaultactivationcondition-run":"","isdiscretionary":false,"applicabilityrule":"","tasktype":"Service","expression":"","resultvariable":"","servicetaskstoreresultvariabletransient":"","class":"","classfields":"","delegateexpression":"${dataObjectServiceTask}","overwrite":"","createdataobjectconfiguration":{"dataObjectreference":"DATA_OBJECT_MODEL-2527daa3-f0b8-4ccc-bc00-a95e8d1f39f0","key":"leaveModelObject","operationType":"create","lookupIdName":"id","operationKey":"create","inputParameters":[{"name":"id","value":""},{"name":"empID","value":"${employeeID}"},{"name":"empName","value":"${employeeName}"},{"name":"reason","value":"${reasonForLeave}"},{"name":"applyFrom","value":"${applyFrom}"},{"name":"applyTo","value":"${applyTo}"}]},"outputvariablename":"leavedetails","storedetached":"","storeoutputvariableastransient":"","inputdataobjectvariablename":"","servicetasktriggerable":"","servicetaskuselocalscopeforresultvariable":""},"ssextensions":[],"outgoing":[{"resourceId":"entryCriterion2"},{"resourceId":"connector3"}],"dockers":[],"labels":[{"styles":{"fill":"#000000","size":"12","italic":false,"bold":false},"ref":"text_name"}]},{"resourceId":"eventListener1","stencil":{"id":"EventListener"},"pathProperties":{},"pathMappingProperties":{},"xmlProperties":["repetitionvariableaggregation","planitemlifecyclelisteners"],"childShapes":[],"bounds":{"lowerRight":{"x":90,"y":155},"upperLeft":{"x":60,"y":125}},"specialproperties":{"startformreference":{"type":"treeview"},"inboundchannelreference":{"type":"treeview","placeholder":"inboundchannelkey"}},"outputmappingproperties":{"repetitionvariableaggregation":{"type":"formlist","placeholders":[]},"planitemlifecyclelisteners":{"type":"complex","placeholders":[]}},"properties":{"stencilid":"EventListener","stencilsuperid":"EventListener","stencilsuperids":["EventListener"],"customstencil":false,"bordercolor":"#000000","notes":"","required":false,"required-run":"","repetition":true,"repetition-run":"","repetitioncountervariablename":"repetitionCounter","maxinstancecount":"unlimited","collectionvariable":"","elementvariable":"","elementindexvariable":"","repetitionvariableaggregation":"","manualactivation":"","startformreference":"","startformsamedeployment":true,"startformfieldvalidation":false,"formfieldvalidation-run":"","manualactivationpermissiongroups":"","manualactivationpermissiongroups-run":"","manualactivationname":"","manualactivationname_en_us":"","manualactivationname_en_us-run":"","manualactivationname_it_it":"","manualactivationname_it_it-run":"","manualactivationname_es_es":"","manualactivationname_es_es-run":"","manualactivationname_fr_fr":"","manualactivationname_fr_fr-run":"","manualactivationname_de_de":"","manualactivationname_de_de-run":"","manualactivationname-run":"","manualactivationname_i18n-key":"","manualactivationchannels":"","manualactivationchannels-run":"","manualactivationpriority":"","manualactivationpriority-run":"","completionneutral":false,"completionneutral-run":"","impactparentcompletion":"default","planitemlifecyclelisteners":"","bgcolor":"#ffffff","id":"eventListener1","name":"","name_en_us":"","name_it_it":"","name_es_es":"","name_fr_fr":"","name_de_de":"","name_i18n-key":"","description":"","fontsize":"12","fontweight":"normal","fontstyle":"normal","fontcolor":"#000000","availablecondition":"","availablecondition-run":"","itemdirectactivationcondition":"","itemdirectactivationcondition-run":"","itemignoreactivationcondition":"","itemignoreactivationcondition-run":"","itemdefaultactivationcondition":"","itemdefaultactivationcondition-run":"","type":"","type-run":"","inboundeventconfiguration":{"eventreference":"EVENT_MODEL-9ffbd9a6-6dc2-4ca4-b5cd-e5816c11a15b","key":"leaveOutboundEvent","correlationParameters":[{"name":"id","target":""}],"outParameters":[{"name":"id","target":"","transient":false},{"name":"EmployeeId","target":"","transient":false,"value":"employeeID"},{"name":"EmployeeName","target":"","transient":false,"value":"employeeName"},{"name":"reasonForLeave","target":"","transient":false,"value":"reasonForLeave"},{"name":"typeOfLeave","target":"","transient":false,"value":"typeOfLeave"},{"name":"applyFrom","target":"","transient":false,"value":"applyFrom"},{"name":"applyTo","target":"","transient":false,"value":"applyTo"}],"inParameters":[{"name":"id","target":""},{"name":"EmployeeId","target":""},{"name":"EmployeeName","target":""},{"name":"reasonForLeave","target":""},{"name":"typeOfLeave","target":""},{"name":"applyFrom","target":""},{"name":"applyTo","target":""}]},"inboundchannelreference":{"id":"CHANNEL_MODEL-9d152886-c84a-4f1d-9a2e-0fbaa5120934","key":"leaveInboundChannel"},"inboundchannelkey":""},"ssextensions":[],"outgoing":[{"resourceId":"connector1"}],"dockers":[{"x":75,"y":140}],"labels":[{"styles":{"fill":"#000000","size":"12","italic":false,"bold":false},"ref":"text_name"}]},{"resourceId":"entryCriterion1","stencil":{"id":"EntryCriterion"},"pathProperties":{},"pathMappingProperties":{},"xmlProperties":[],"childShapes":[],"bounds":{"lowerRight":{"x":159,"y":159},"upperLeft":{"x":141,"y":131}},"properties":{"stencilid":"EntryCriterion","stencilsuperid":"EntryCriterion","stencilsuperids":["EntryCriterion"],"customstencil":false,"fontsize":"12","notes":"","fontweight":"normal","fontstyle":"normal","fontcolor":"#000000","id":"entryCriterion1","name":"","name_en_us":"","name_it_it":"","name_es_es":"","name_fr_fr":"","name_de_de":"","name_i18n-key":"","description":"","condition":"","triggermode":"deferred"},"ssextensions":[],"outgoing":[],"dockers":[{"x":-5,"y":40}]},{"resourceId":"entryCriterion2","stencil":{"id":"EntryCriterion"},"pathProperties":{},"pathMappingProperties":{},"xmlProperties":[],"childShapes":[],"bounds":{"lowerRight":{"x":354,"y":160},"upperLeft":{"x":336,"y":132}},"properties":{"stencilid":"EntryCriterion","stencilsuperid":"EntryCriterion","stencilsuperids":["EntryCriterion"],"customstencil":false,"fontsize":"12","notes":"","fontweight":"normal","fontstyle":"normal","fontcolor":"#000000","id":"entryCriterion2","name":"","name_en_us":"","name_it_it":"","name_es_es":"","name_fr_fr":"","name_de_de":"","name_i18n-key":"","description":"","condition":"","triggermode":"deferred"},"ssextensions":[],"outgoing":[],"dockers":[{"x":8,"y":46}]},{"resourceId":"humanTask2","stencil":{"id":"Task"},"pathProperties":{},"pathMappingProperties":{},"xmlProperties":["planitemlifecyclelisteners","repetitionvariableaggregation","exposetoobjectitems","exposeasmessageitems","exposehumantaskasmessageitems","exposehumantasktoobjectitems"],"childShapes":[],"bounds":{"lowerRight":{"x":641,"y":185},"upperLeft":{"x":541,"y":105}},"specialproperties":{"startformreference":{"type":"treeview"},"form_entry":{"type":"treeview"},"securitypolicy":{"type":"treeview"}},"outputmappingproperties":{"planitemlifecyclelisteners":{"type":"complex","placeholders":[]},"repetitionvariableaggregation":{"type":"formlist","placeholders":[]},"exposetoobjectitems":{"type":"complex","placeholders":[]},"exposeasmessageitems":{"type":"complex","placeholders":[]},"exposehumantaskasmessageitems":{"type":"complex","placeholders":[]},"exposehumantasktoobjectitems":{"type":"complex","placeholders":[]},"taskinputmappings":{"type":"complex","placeholders":[]},"tasklistener":{"type":"complex","placeholders":[]}},"properties":{"stencilid":"HumanTask","stencilsuperid":"Task","stencilsuperids":["Task"],"customstencil":false,"bordercolor":"#000000","notes":"","planitemlifecyclelisteners":"","required":false,"required-run":"","repetition":false,"repetition-run":"","repetitioncountervariablename":"repetitionCounter","maxinstancecount":"unlimited","collectionvariable":"","elementvariable":"","elementindexvariable":"","repetitionvariableaggregation":"","manualactivation":false,"manualactivation-run":"","startformreference":"","startformsamedeployment":true,"startformfieldvalidation":false,"formfieldvalidation-run":"","manualactivationpermissiongroups":"","manualactivationpermissiongroups-run":"","manualactivationname":"","manualactivationname_en_us":"","manualactivationname_en_us-run":"","manualactivationname_it_it":"","manualactivationname_it_it-run":"","manualactivationname_es_es":"","manualactivationname_es_es-run":"","manualactivationname_fr_fr":"","manualactivationname_fr_fr-run":"","manualactivationname_de_de":"","manualactivationname_de_de-run":"","manualactivationname-run":"","manualactivationname_i18n-key":"","manualactivationchannels":"","manualactivationchannels-run":"","manualactivationpriority":"","manualactivationpriority-run":"","completionneutral":false,"completionneutral-run":"","impactparentcompletion":"default","bgcolor":"#ffffff","isblocking":true,"isblocking-run":"","id":"humanTask2","name":"Show Forms","name_en_us":"Show Forms","name_it_it":"","name_es_es":"","name_fr_fr":"","name_de_de":"","name_i18n-key":"","description":"","fontsize":"12","fontweight":"normal","fontstyle":"normal","fontcolor":"#000000","async":false,"exclusive":true,"itemdirectactivationcondition":"","itemdirectactivationcondition-run":"","itemignoreactivationcondition":"","itemignoreactivationcondition-run":"","itemdefaultactivationcondition":"","itemdefaultactivationcondition-run":"","exposetoobjectitems":"","exposeasmessageitems":"","exposehumantaskasmessageitems":"","exposehumantasktoobjectitems":"","customcaseviewheadersize":"","customcaseviewheadersize-run":"","availablestaterendering":"readOnly","activestaterendering":"fullAccess","completedstaterendering":"hidden","terminatedstaterendering":"hidden","owner":"","owner-run":"","assignee":"","assignee-run":"${initiator}","candidateusers":"","candidateusers-run":"","candidategroups":"","candidategroups-run":"","participantusers":"","participantusers-run":"","participantgroups":"","participantgroups-run":"","watcherusers":"","watcherusers-run":"","watchergroups":"","watchergroups-run":"","isdiscretionary":false,"applicabilityrule":"","tasktype":"human","name_en_us-run":"","name_it_it-run":"","name_es_es-run":"","name_fr_fr-run":"","name_de_de-run":"","name-run":"Show Forms","form_entry":{"id":"FORM_MODEL-24987fc9-d4b8-415c-9c00-efdcd2c7b2c5","key":"leaveShowForm"},"samedeployment":true,"formfieldvalidation":false,"taskidvariablename":"","securitypolicy":"","priority":"","duedate":"","taskinputmappingtype":"allowed","taskinputmappings":"","tasklistener":"","customfolderpath":"","categorydefinition":"","candidatestype":"all","exposetocaseview":"","elementlabel":"","elementlabel_en_us":"","elementlabel_it_it":"","elementlabel_es_es":"","elementlabel_fr_fr":"","elementlabel_de_de":"","elementlabel_i18n-key":"","elementicon":"","elementindex":""},"ssextensions":[],"outgoing":[{"resourceId":"entryCriterion3"},{"resourceId":"connector4"}],"dockers":[],"labels":[{"styles":{"fill":"#000000","size":"12","italic":false,"bold":false},"ref":"text_name"}]},{"resourceId":"entryCriterion3","stencil":{"id":"EntryCriterion"},"pathProperties":{},"pathMappingProperties":{},"xmlProperties":[],"childShapes":[],"bounds":{"lowerRight":{"x":550,"y":163},"upperLeft":{"x":532,"y":135}},"properties":{"stencilid":"EntryCriterion","stencilsuperid":"EntryCriterion","stencilsuperids":["EntryCriterion"],"customstencil":false,"fontsize":"12","notes":"","fontweight":"normal","fontstyle":"normal","fontcolor":"#000000","id":"entryCriterion3","name":"","name_en_us":"","name_it_it":"","name_es_es":"","name_fr_fr":"","name_de_de":"","name_i18n-key":"","description":"","condition":"","triggermode":"deferred"},"ssextensions":[],"outgoing":[],"dockers":[{"x":8,"y":44}]}],"bounds":{"lowerRight":{"x":788,"y":799},"upperLeft":{"x":30,"y":45}},"specialproperties":{"formreference":{"type":"treeview"},"workformreference":{"type":"treeview"},"inboundchannelreference":{"type":"treeview","placeholder":"inboundchannelkey"}},"outputmappingproperties":{"planitemlifecyclelisteners":{"type":"complex","placeholders":[]},"workforminputmappings":{"type":"complex","placeholders":[]}},"properties":{"stencilid":"CasePlanModel","stencilsuperid":"CasePlanModel","stencilsuperids":["CasePlanModel"],"customstencil":false,"bordercolor":"#000000","notes":"","planitemlifecyclelisteners":"","bgcolor":"#ffffff","id":"onecaseplanmodel1","name":"Case plan model","name_en_us":"Case plan model","name_it_it":"","name_es_es":"","name_fr_fr":"","name_de_de":"","name_i18n-key":"","description":"","fontsize":"12","fontweight":"normal","fontstyle":"normal","fontcolor":"#000000","autocomplete":false,"autocomplete-run":"","formreference":"","samedeployment":true,"formfieldvalidation":false,"formfieldvalidation-run":"","workformreference":"","workformsamedeployment":true,"workformfieldvalidation":false,"workformfieldvalidation-run":"","workforminputmappingtype":"allowed","workforminputmappings":"","inboundstarteventconfiguration":"","inboundchannelreference":"","inboundchannelkey":""},"ssextensions":[],"outgoing":[{"resourceId":"exitCriterion1"}],"dockers":[],"labels":[{"styles":{"fill":"#000000","size":"12","italic":false,"bold":false},"ref":"text_name"}]},{"resourceId":"connector1","stencil":{"id":"Connector"},"pathProperties":{},"pathMappingProperties":{},"xmlProperties":[],"childShapes":[],"bounds":{"lowerRight":{"x":170,"y":190},"upperLeft":{"x":120,"y":185}},"properties":{"stencilsuperid":"Connector","stencilsuperids":["Connector"],"customstencil":false,"bordercolor":"#000000","notes":"","id":"connector1","name":"occur","name_en_us":"occur","name_it_it":"occur","name_es_es":"occur","name_fr_fr":"occur","name_de_de":"occur","name_i18n-key":"","description":"","fontsize":"12","fontweight":"normal","fontstyle":"normal","fontcolor":"#000000","standardevent":"occur","display_ref_in_diagram":true},"ssextensions":[],"outgoing":[{"resourceId":"entryCriterion1"}],"dockers":[{"x":15,"y":15},{"x":145.5,"y":185},{"x":145.5,"y":190},{"x":9,"y":14}],"labels":[{"styles":{"fill":"#000000","size":"12","italic":false,"bold":false},"ref":"text_name"}],"target":{"resourceId":"entryCriterion1"}},{"resourceId":"exitCriterion1","stencil":{"id":"ExitCriterion"},"pathProperties":{},"pathMappingProperties":{},"xmlProperties":[],"childShapes":[],"bounds":{"lowerRight":{"x":797,"y":193},"upperLeft":{"x":779,"y":165}},"properties":{"stencilid":"ExitCriterion","stencilsuperid":"ExitCriterion","stencilsuperids":["ExitCriterion"],"customstencil":false,"fontsize":"12","notes":"","fontweight":"normal","fontstyle":"normal","fontcolor":"#000000","id":"exitCriterion1","name":"","name_en_us":"","name_it_it":"","name_es_es":"","name_fr_fr":"","name_de_de":"","name_i18n-key":"","description":"","condition":"","triggermode":"deferred","exittype":"default","exiteventtype":"exit"},"ssextensions":[],"outgoing":[],"dockers":[{"x":744,"y":134}]},{"resourceId":"connector2","stencil":{"id":"Connector"},"pathProperties":{},"pathMappingProperties":{},"xmlProperties":[],"childShapes":[],"bounds":{"lowerRight":{"x":365,"y":191},"upperLeft":{"x":280,"y":190}},"properties":{"stencilsuperid":"Connector","stencilsuperids":["Connector"],"customstencil":false,"bordercolor":"#000000","notes":"","id":"connector2","name":"complete","name_en_us":"complete","name_it_it":"complete","name_es_es":"complete","name_fr_fr":"complete","name_de_de":"complete","name_i18n-key":"","description":"","fontsize":"12","fontweight":"normal","fontstyle":"normal","fontcolor":"#000000","standardevent":"complete","display_ref_in_diagram":true},"ssextensions":[],"outgoing":[{"resourceId":"entryCriterion2"}],"dockers":[{"x":50,"y":40},{"x":327.5,"y":190},{"x":327.5,"y":191},{"x":9,"y":14}],"labels":[{"styles":{"fill":"#000000","size":"12","italic":false,"bold":false},"ref":"text_name"}],"target":{"resourceId":"entryCriterion2"}},{"resourceId":"connector3","stencil":{"id":"Connector"},"pathProperties":{},"pathMappingProperties":{},"xmlProperties":[],"childShapes":[],"bounds":{"lowerRight":{"x":561,"y":194},"upperLeft":{"x":475,"y":185}},"properties":{"stencilid":"Connector","stencilsuperid":"Connector","stencilsuperids":["Connector"],"customstencil":false,"bordercolor":"#000000","notes":"","id":"connector3","name":"complete","name_en_us":"complete","name_it_it":"complete","name_es_es":"complete","name_fr_fr":"complete","name_de_de":"complete","name_i18n-key":"","description":"","fontsize":"12","fontweight":"normal","fontstyle":"normal","fontcolor":"#000000","standardevent":"complete","display_ref_in_diagram":true},"ssextensions":[],"outgoing":[{"resourceId":"entryCriterion3"}],"dockers":[{"x":50,"y":40},{"x":523,"y":185},{"x":523,"y":194},{"x":9,"y":14}],"labels":[{"styles":{"fill":"#000000","size":"12","italic":false,"bold":false},"ref":"text_name"}],"target":{"resourceId":"entryCriterion3"}},{"resourceId":"connector4","stencil":{"id":"Connector"},"pathProperties":{},"pathMappingProperties":{},"xmlProperties":[],"childShapes":[],"bounds":{"lowerRight":{"x":778,"y":190},"upperLeft":{"x":671,"y":179}},"properties":{"stencilid":"Connector","stencilsuperid":"Connector","stencilsuperids":["Connector"],"customstencil":false,"bordercolor":"#000000","notes":"","id":"connector4","name":"complete","name_en_us":"complete","name_it_it":"complete","name_es_es":"complete","name_fr_fr":"complete","name_de_de":"complete","name_i18n-key":"","description":"","fontsize":"12","fontweight":"normal","fontstyle":"normal","fontcolor":"#000000","standardevent":"complete","display_ref_in_diagram":true},"ssextensions":[],"outgoing":[{"resourceId":"exitCriterion1"}],"dockers":[{"x":50,"y":40},{"x":725,"y":190},{"x":725,"y":179},{"x":9,"y":14}],"labels":[{"styles":{"fill":"#000000","size":"12","italic":false,"bold":false},"ref":"text_name"}],"target":{"resourceId":"exitCriterion1"}}],"bounds":{"lowerRight":{"x":1485,"y":1050},"upperLeft":{"x":0,"y":0}},"specialproperties":{"casesequence":{"type":"treeview"},"securitypolicy":{"type":"treeview"}},"outputmappingproperties":{"customcaseviewelements":{"type":"formlist","placeholders":[]},"modelstatuselements":{"type":"formlist","placeholders":[]},"namespaces":{"type":"complex","placeholders":[]}},"properties":{"stencilid":"CASEDiagram","stencilsuperid":"CASEDiagram","stencilsuperids":["CASEDiagram"],"customstencil":false,"owner":"","owner-run":"","notes":"","assignee":"","assignee-run":"","participantusers":"","participantusers-run":"","participantgroups":"","participantgroups-run":"","watcherusers":"","watcherusers-run":"","watchergroups":"","watchergroups-run":"","customcaseviewelements":"","defaultmenunavigationsize":"expanded","customcaseviewheadersize":"","customcaseviewheadersize-run":"","modelstatuselements":"","async":false,"exclusive":"","id":"leaveCaseModel","name":"Leave Case Model","name_en_us":"","name_it_it":"","name_es_es":"","name_fr_fr":"","name_de_de":"","name_i18n-key":"","description":"","fontsize":"12","fontweight":"normal","fontstyle":"normal","fontcolor":"#000000","labelexpression":"","creationdate":"2022-03-11T06:49:41.214Z","modificationdate":"2022-03-17T09:28:22.167Z","casesequence":"","casesequence-run":"","casesequencevariablename":"","casesequencevariablename-run":"","caseinstancename":"","caseinstancename_en_us":"","caseinstancename_en_us-run":"","caseinstancename_it_it":"","caseinstancename_it_it-run":"","caseinstancename_es_es":"","caseinstancename_es_es-run":"","caseinstancename_fr_fr":"","caseinstancename_fr_fr-run":"","caseinstancename_de_de":"","caseinstancename_de_de-run":"","caseinstancename-run":"","caseinstancename_i18n-key":"","caseinstancebusinessstatus":"","caseinstancebusinessstatus-run":"","caseinstancebusinesskey":"","caseinstancebusinesskey-run":"","securitypolicy":"","customfolderpath":"","case_potentialstarteruser":"","case_potentialstarteruser-run":"","case_potentialstartergroup":"flowableUser","case_potentialstartergroup-run":"","do-not-inherit-start-user-as-owner":"","do-not-inherit-start-user-as-assignee":"","version":"","author":"","case_initiatorvariablename":"initiator","case_namespace":"","namespaces":""},"ssextensions":[],"stencilset":{"url":"./app/editor_stencilset","paletteKey":"flowable-case-palette","namespace":"http://b3mn.org/stencilset/case1.0#"}}}