<?xml version="1.0" encoding="UTF-8"?>
<databaseChangeLog xmlns="http://www.liquibase.org/xml/ns/dbchangelog" xmlns:xsi="http://www.w3.org/2001/XMLSchema-instance" xsi:schemaLocation="http://www.liquibase.org/xml/ns/dbchangelog http://www.liquibase.org/xml/ns/dbchangelog/dbchangelog-3.0.xsd" logicalFilePath="leaveModelObjectSchema1">
    <property name="datetime.type" value="datetime2" dbms="mssql"/>
    <property name="datetime.type" value="datetime"/>
    <property name="varchar.type" value="nvarchar" dbms="mssql"/>
    <property name="varchar.type" value="varchar"/>
    <property name="serviceDefinitionReferences" value="leaveDataSourcee"/>

    <changeSet id="1" author="flowable">
        <createTable tableName="leavedetails">
            <column name="ID" type="${varchar.type}(255)">
                <constraints nullable="false" primaryKey="true"/>
            </column>
            <column name="EMPID" type="integer"/>
            <column name="EMPNAME" type="${varchar.type}(255)"/>
          
            <column name="REASON" type="${varchar.type}(255)"/>
            <column name="APPLYFROM" type="date"/>
            <column name="APPLYTO" type="date"/>
        
        </createTable>
    </changeSet>
</databaseChangeLog>
